﻿type_trial,stipic,DV,dotlefttext,dotrighttext,picture,answer,number
0,both_right.png,0,大于,小于,RandomDot34.png,No answer,19
0,both_right.png,0,大于,小于,RandomDot36.png,No answer,21
0,both_right.png,0,大于,小于,RandomDot3.png,No answer,21
0,both_right.png,0,大于,小于,RandomDot22.png,No answer,21
0,both_right.png,0,大于,小于,RandomDot20.png,No answer,19
0,both_right.png,0,大于,小于,RandomDot2.png,No answer,19
0,both_right.png,0,小于,大于,RandomDot22.png,No answer,19
0,both_right.png,0,小于,大于,RandomDot27.png,No answer,19
0,both_right.png,0,小于,大于,RandomDot15.png,No answer,21
0,both_right.png,0,小于,大于,RandomDot5.png,No answer,21
0,both_right.png,0,小于,大于,RandomDot19.png,No answer,21
0,both_right.png,0,小于,大于,RandomDot38.png,No answer,21
0,both_right.png,1,大于,小于,RandomDot30.png,No answer,20
0,both_right.png,1,大于,小于,RandomDot28.png,No answer,21
0,both_right.png,1,大于,小于,RandomDot29.png,No answer,21
0,both_right.png,1,大于,小于,RandomDot35.png,No answer,21
0,both_right.png,1,大于,小于,RandomDot12.png,No answer,21
0,both_right.png,1,大于,小于,RandomDot7.png,No answer,21
0,both_right.png,1,小于,大于,RandomDot5.png,No answer,19
0,both_right.png,1,小于,大于,RandomDot36.png,No answer,19
0,both_right.png,1,小于,大于,RandomDot3.png,No answer,19
0,both_right.png,1,小于,大于,RandomDot8.png,No answer,21
0,both_right.png,1,小于,大于,RandomDot21.png,No answer,20
0,both_right.png,1,小于,大于,RandomDot3.png,No answer,19
0,both_right.png,2,大于,小于,RandomDot25.png,No answer,19
0,both_right.png,2,大于,小于,RandomDot39.png,No answer,20
0,both_right.png,2,大于,小于,RandomDot36.png,No answer,19
0,both_right.png,2,大于,小于,RandomDot28.png,No answer,21
0,both_right.png,2,大于,小于,RandomDot23.png,No answer,19
0,both_right.png,2,大于,小于,RandomDot10.png,No answer,20
0,both_right.png,2,小于,大于,RandomDot24.png,No answer,21
0,both_right.png,2,小于,大于,RandomDot2.png,No answer,20
0,both_right.png,2,小于,大于,RandomDot29.png,No answer,20
0,both_right.png,2,小于,大于,RandomDot25.png,No answer,20
0,both_right.png,2,小于,大于,RandomDot15.png,No answer,21
0,both_right.png,2,小于,大于,RandomDot25.png,No answer,19
0,both_right.png,3,大于,小于,RandomDot3.png,No answer,20
0,both_right.png,3,大于,小于,RandomDot27.png,No answer,20
0,both_right.png,3,大于,小于,RandomDot39.png,No answer,20
0,both_right.png,3,大于,小于,RandomDot17.png,No answer,21
0,both_right.png,3,大于,小于,RandomDot36.png,No answer,20
0,both_right.png,3,大于,小于,RandomDot30.png,No answer,19
0,both_right.png,3,小于,大于,RandomDot11.png,No answer,20
0,both_right.png,3,小于,大于,RandomDot3.png,No answer,21
0,both_right.png,3,小于,大于,RandomDot26.png,No answer,20
0,both_right.png,3,小于,大于,RandomDot13.png,No answer,20
0,both_right.png,3,小于,大于,RandomDot18.png,No answer,20
0,both_right.png,3,小于,大于,RandomDot13.png,No answer,19
1,both_wrong.png,0,大于,小于,RandomDot24.png,No answer,21
1,both_wrong.png,0,大于,小于,RandomDot16.png,No answer,19
1,both_wrong.png,0,大于,小于,RandomDot12.png,No answer,21
1,both_wrong.png,0,大于,小于,RandomDot14.png,No answer,19
1,both_wrong.png,0,大于,小于,RandomDot10.png,No answer,20
1,both_wrong.png,0,大于,小于,RandomDot32.png,No answer,19
1,both_wrong.png,0,小于,大于,RandomDot23.png,No answer,20
1,both_wrong.png,0,小于,大于,RandomDot28.png,No answer,19
1,both_wrong.png,0,小于,大于,RandomDot39.png,No answer,21
1,both_wrong.png,0,小于,大于,RandomDot22.png,No answer,21
1,both_wrong.png,0,小于,大于,RandomDot34.png,No answer,19
1,both_wrong.png,0,小于,大于,RandomDot14.png,No answer,21
1,both_wrong.png,1,大于,小于,RandomDot13.png,No answer,19
1,both_wrong.png,1,大于,小于,RandomDot23.png,No answer,21
1,both_wrong.png,1,大于,小于,RandomDot28.png,No answer,21
1,both_wrong.png,1,大于,小于,RandomDot27.png,No answer,19
1,both_wrong.png,1,大于,小于,RandomDot6.png,No answer,20
1,both_wrong.png,1,大于,小于,RandomDot26.png,No answer,21
1,both_wrong.png,1,小于,大于,RandomDot10.png,No answer,19
1,both_wrong.png,1,小于,大于,RandomDot17.png,No answer,20
1,both_wrong.png,1,小于,大于,RandomDot8.png,No answer,21
1,both_wrong.png,1,小于,大于,RandomDot13.png,No answer,19
1,both_wrong.png,1,小于,大于,RandomDot29.png,No answer,19
1,both_wrong.png,1,小于,大于,RandomDot14.png,No answer,20
1,both_wrong.png,2,大于,小于,RandomDot1.png,No answer,21
1,both_wrong.png,2,大于,小于,RandomDot24.png,No answer,19
1,both_wrong.png,2,大于,小于,RandomDot16.png,No answer,20
1,both_wrong.png,2,大于,小于,RandomDot10.png,No answer,20
1,both_wrong.png,2,大于,小于,RandomDot9.png,No answer,21
1,both_wrong.png,2,大于,小于,RandomDot13.png,No answer,21
1,both_wrong.png,2,小于,大于,RandomDot19.png,No answer,19
1,both_wrong.png,2,小于,大于,RandomDot24.png,No answer,21
1,both_wrong.png,2,小于,大于,RandomDot8.png,No answer,20
1,both_wrong.png,2,小于,大于,RandomDot21.png,No answer,20
1,both_wrong.png,2,小于,大于,RandomDot7.png,No answer,21
1,both_wrong.png,2,小于,大于,RandomDot8.png,No answer,20
1,both_wrong.png,3,大于,小于,RandomDot6.png,No answer,20
1,both_wrong.png,3,大于,小于,RandomDot40.png,No answer,21
1,both_wrong.png,3,大于,小于,RandomDot13.png,No answer,21
1,both_wrong.png,3,大于,小于,RandomDot17.png,No answer,21
1,both_wrong.png,3,大于,小于,RandomDot30.png,No answer,20
1,both_wrong.png,3,大于,小于,RandomDot6.png,No answer,21
1,both_wrong.png,3,小于,大于,RandomDot29.png,No answer,19
1,both_wrong.png,3,小于,大于,RandomDot23.png,No answer,20
1,both_wrong.png,3,小于,大于,RandomDot7.png,No answer,21
1,both_wrong.png,3,小于,大于,RandomDot12.png,No answer,21
1,both_wrong.png,3,小于,大于,RandomDot25.png,No answer,21
1,both_wrong.png,3,小于,大于,RandomDot12.png,No answer,19
2,only_sub_right.png,0,大于,小于,RandomDot26.png,No answer,19
2,only_sub_right.png,0,大于,小于,RandomDot8.png,No answer,20
2,only_sub_right.png,0,大于,小于,RandomDot16.png,No answer,20
2,only_sub_right.png,0,大于,小于,RandomDot21.png,No answer,19
2,only_sub_right.png,0,大于,小于,RandomDot33.png,No answer,21
2,only_sub_right.png,0,大于,小于,RandomDot18.png,No answer,21
2,only_sub_right.png,0,小于,大于,RandomDot16.png,No answer,21
2,only_sub_right.png,0,小于,大于,RandomDot21.png,No answer,21
2,only_sub_right.png,0,小于,大于,RandomDot29.png,No answer,20
2,only_sub_right.png,0,小于,大于,RandomDot17.png,No answer,20
2,only_sub_right.png,0,小于,大于,RandomDot39.png,No answer,19
2,only_sub_right.png,0,小于,大于,RandomDot37.png,No answer,21
2,only_sub_right.png,1,大于,小于,RandomDot3.png,No answer,20
2,only_sub_right.png,1,大于,小于,RandomDot3.png,No answer,19
2,only_sub_right.png,1,大于,小于,RandomDot6.png,No answer,21
2,only_sub_right.png,1,大于,小于,RandomDot4.png,No answer,19
2,only_sub_right.png,1,大于,小于,RandomDot32.png,No answer,19
2,only_sub_right.png,1,大于,小于,RandomDot3.png,No answer,20
2,only_sub_right.png,1,小于,大于,RandomDot15.png,No answer,19
2,only_sub_right.png,1,小于,大于,RandomDot14.png,No answer,20
2,only_sub_right.png,1,小于,大于,RandomDot25.png,No answer,19
2,only_sub_right.png,1,小于,大于,RandomDot27.png,No answer,21
2,only_sub_right.png,1,小于,大于,RandomDot34.png,No answer,19
2,only_sub_right.png,1,小于,大于,RandomDot38.png,No answer,19
2,only_sub_right.png,2,大于,小于,RandomDot21.png,No answer,21
2,only_sub_right.png,2,大于,小于,RandomDot18.png,No answer,19
2,only_sub_right.png,2,大于,小于,RandomDot33.png,No answer,20
2,only_sub_right.png,2,大于,小于,RandomDot16.png,No answer,20
2,only_sub_right.png,2,大于,小于,RandomDot20.png,No answer,20
2,only_sub_right.png,2,大于,小于,RandomDot36.png,No answer,21
2,only_sub_right.png,2,小于,大于,RandomDot34.png,No answer,20
2,only_sub_right.png,2,小于,大于,RandomDot22.png,No answer,19
2,only_sub_right.png,2,小于,大于,RandomDot22.png,No answer,20
2,only_sub_right.png,2,小于,大于,RandomDot37.png,No answer,19
2,only_sub_right.png,2,小于,大于,RandomDot8.png,No answer,21
2,only_sub_right.png,2,小于,大于,RandomDot5.png,No answer,21
2,only_sub_right.png,3,大于,小于,RandomDot20.png,No answer,21
2,only_sub_right.png,3,大于,小于,RandomDot36.png,No answer,20
2,only_sub_right.png,3,大于,小于,RandomDot22.png,No answer,20
2,only_sub_right.png,3,大于,小于,RandomDot26.png,No answer,20
2,only_sub_right.png,3,大于,小于,RandomDot10.png,No answer,19
2,only_sub_right.png,3,大于,小于,RandomDot23.png,No answer,20
2,only_sub_right.png,3,小于,大于,RandomDot25.png,No answer,21
2,only_sub_right.png,3,小于,大于,RandomDot30.png,No answer,20
2,only_sub_right.png,3,小于,大于,RandomDot8.png,No answer,19
2,only_sub_right.png,3,小于,大于,RandomDot7.png,No answer,20
2,only_sub_right.png,3,小于,大于,RandomDot18.png,No answer,20
2,only_sub_right.png,3,小于,大于,RandomDot31.png,No answer,19
3,only_sub_wrong.png,0,大于,小于,RandomDot33.png,No answer,19
3,only_sub_wrong.png,0,大于,小于,RandomDot15.png,No answer,20
3,only_sub_wrong.png,0,大于,小于,RandomDot38.png,No answer,21
3,only_sub_wrong.png,0,大于,小于,RandomDot5.png,No answer,20
3,only_sub_wrong.png,0,大于,小于,RandomDot12.png,No answer,20
3,only_sub_wrong.png,0,大于,小于,RandomDot24.png,No answer,20
3,only_sub_wrong.png,0,小于,大于,RandomDot16.png,No answer,21
3,only_sub_wrong.png,0,小于,大于,RandomDot26.png,No answer,19
3,only_sub_wrong.png,0,小于,大于,RandomDot9.png,No answer,19
3,only_sub_wrong.png,0,小于,大于,RandomDot25.png,No answer,20
3,only_sub_wrong.png,0,小于,大于,RandomDot25.png,No answer,21
3,only_sub_wrong.png,0,小于,大于,RandomDot2.png,No answer,20
3,only_sub_wrong.png,1,大于,小于,RandomDot4.png,No answer,20
3,only_sub_wrong.png,1,大于,小于,RandomDot8.png,No answer,21
3,only_sub_wrong.png,1,大于,小于,RandomDot1.png,No answer,19
3,only_sub_wrong.png,1,大于,小于,RandomDot11.png,No answer,20
3,only_sub_wrong.png,1,大于,小于,RandomDot22.png,No answer,19
3,only_sub_wrong.png,1,大于,小于,RandomDot36.png,No answer,19
3,only_sub_wrong.png,1,小于,大于,RandomDot15.png,No answer,21
3,only_sub_wrong.png,1,小于,大于,RandomDot6.png,No answer,20
3,only_sub_wrong.png,1,小于,大于,RandomDot40.png,No answer,19
3,only_sub_wrong.png,1,小于,大于,RandomDot6.png,No answer,21
3,only_sub_wrong.png,1,小于,大于,RandomDot15.png,No answer,20
3,only_sub_wrong.png,1,小于,大于,RandomDot22.png,No answer,20
3,only_sub_wrong.png,2,大于,小于,RandomDot13.png,No answer,21
3,only_sub_wrong.png,2,大于,小于,RandomDot1.png,No answer,20
3,only_sub_wrong.png,2,大于,小于,RandomDot39.png,No answer,20
3,only_sub_wrong.png,2,大于,小于,RandomDot23.png,No answer,20
3,only_sub_wrong.png,2,大于,小于,RandomDot38.png,No answer,21
3,only_sub_wrong.png,2,大于,小于,RandomDot20.png,No answer,19
3,only_sub_wrong.png,2,小于,大于,RandomDot15.png,No answer,21
3,only_sub_wrong.png,2,小于,大于,RandomDot17.png,No answer,19
3,only_sub_wrong.png,2,小于,大于,RandomDot40.png,No answer,20
3,only_sub_wrong.png,2,小于,大于,RandomDot31.png,No answer,19
3,only_sub_wrong.png,2,小于,大于,RandomDot22.png,No answer,19
3,only_sub_wrong.png,2,小于,大于,RandomDot15.png,No answer,20
3,only_sub_wrong.png,3,大于,小于,RandomDot20.png,No answer,19
3,only_sub_wrong.png,3,大于,小于,RandomDot3.png,No answer,19
3,only_sub_wrong.png,3,大于,小于,RandomDot8.png,No answer,21
3,only_sub_wrong.png,3,大于,小于,RandomDot17.png,No answer,19
3,only_sub_wrong.png,3,大于,小于,RandomDot20.png,No answer,20
3,only_sub_wrong.png,3,大于,小于,RandomDot34.png,No answer,20
3,only_sub_wrong.png,3,小于,大于,RandomDot9.png,No answer,19
3,only_sub_wrong.png,3,小于,大于,RandomDot18.png,No answer,21
3,only_sub_wrong.png,3,小于,大于,RandomDot22.png,No answer,21
3,only_sub_wrong.png,3,小于,大于,RandomDot38.png,No answer,20
3,only_sub_wrong.png,3,小于,大于,RandomDot7.png,No answer,19
3,only_sub_wrong.png,3,小于,大于,RandomDot36.png,No answer,21
4,both_right.png,10,大于,小于,RandomDot41.png,LeftButton,5
4,both_right.png,10,大于,小于,RandomDot41.png,LeftButton,5
4,both_right.png,10,大于,小于,RandomDot41.png,LeftButton,5
4,both_right.png,10,小于,大于,RandomDot41.png,RightButton,5
4,both_right.png,10,小于,大于,RandomDot41.png,RightButton,5
4,both_right.png,10,小于,大于,RandomDot41.png,RightButton,5
5,both_right.png,10,大于,小于,RandomDot42.png,RightButton,20
5,both_right.png,10,大于,小于,RandomDot42.png,RightButton,19
5,both_right.png,10,大于,小于,RandomDot42.png,RightButton,20
5,both_right.png,10,小于,大于,RandomDot42.png,LeftButton,19
5,both_right.png,10,小于,大于,RandomDot42.png,LeftButton,21
5,both_right.png,10,小于,大于,RandomDot42.png,LeftButton,21
